{"0": {"net_num_idx": 0, "net_config": {"stem_width": 64, "depth": 14, "w_0": 32, "w_a": 18.639926481306944, "w_m": 2.065381050297783}, "macs": "4.164G", "params": "10.204M"}, "1": {"net_num_idx": 1, "net_config": {"stem_width": 64, "depth": 13, "w_0": 32, "w_a": 23.3802771278587, "w_m": 2.089554958700507}, "macs": "4.020G", "params": "10.556M"}, "2": {"net_num_idx": 2, "net_config": {"stem_width": 64, "depth": 15, "w_0": 32, "w_a": 16.53264444950164, "w_m": 1.9698967349417775}, "macs": "3.913G", "params": "9.445M"}, "3": {"net_num_idx": 3, "net_config": {"stem_width": 64, "depth": 12, "w_0": 32, "w_a": 27.264071534824073, "w_m": 2.097389031593275}, "macs": "3.993G", "params": "10.874M"}, "4": {"net_num_idx": 4, "net_config": {"stem_width": 64, "depth": 15, "w_0": 40, "w_a": 17.36690916049138, "w_m": 1.8119620337729927}, "macs": "4.206G", "params": "9.810M"}, "5": {"net_num_idx": 5, "net_config": {"stem_width": 64, "depth": 16, "w_0": 32, "w_a": 18.29005053248016, "w_m": 2.0003720871829462}, "macs": "4.217G", "params": "11.010M"}, "6": {"net_num_idx": 6, "net_config": {"stem_width": 64, "depth": 14, "w_0": 40, "w_a": 16.33160987858594, "w_m": 1.809915948599379}, "macs": "4.040G", "params": "8.126M"}, "7": {"net_num_idx": 7, "net_config": {"stem_width": 64, "depth": 13, "w_0": 32, "w_a": 26.454471101326174, "w_m": 2.0693894510494877}, "macs": "3.954G", "params": "11.153M"}, "8": {"net_num_idx": 8, "net_config": {"stem_width": 64, "depth": 12, "w_0": 32, "w_a": 23.186472934432135, "w_m": 2.1412442365785926}, "macs": "4.274G", "params": "10.529M"}, "9": {"net_num_idx": 9, "net_config": {"stem_width": 64, "depth": 15, "w_0": 40, "w_a": 16.054163355931962, "w_m": 1.7890647177993497}, "macs": "4.154G", "params": "8.685M"}, "10": {"net_num_idx": 10, "net_config": {"stem_width": 64, "depth": 14, "w_0": 40, "w_a": 20.053025731231948, "w_m": 1.8268982021440168}, "macs": "4.113G", "params": "9.240M"}, "11": {"net_num_idx": 11, "net_config": {"stem_width": 64, "depth": 13, "w_0": 48, "w_a": 19.256788602705857, "w_m": 1.6998302426794085}, "macs": "4.273G", "params": "8.383M"}, "12": {"net_num_idx": 12, "net_config": {"stem_width": 64, "depth": 18, "w_0": 32, "w_a": 17.77597968937125, "w_m": 1.9609275565633586}, "macs": "4.257G", "params": "12.481M"}, "13": {"net_num_idx": 13, "net_config": {"stem_width": 64, "depth": 16, "w_0": 32, "w_a": 16.522017597145847, "w_m": 2.0086175352187157}, "macs": "4.218G", "params": "10.173M"}, "14": {"net_num_idx": 14, "net_config": {"stem_width": 64, "depth": 14, "w_0": 32, "w_a": 19.808831544454947, "w_m": 2.068598911841805}, "macs": "4.164G", "params": "10.204M"}, "15": {"net_num_idx": 15, "net_config": {"stem_width": 64, "depth": 13, "w_0": 40, "w_a": 20.948287147782217, "w_m": 1.8391479884846247}, "macs": "3.946G", "params": "9.361M"}}