{"0": {"net_num_idx": 0, "net_config": {"stem_width": 32, "depth": 13, "w_0": 32, "w_a": 68.93091069582155, "w_m": 2.575817715777266, "group_width": 8, "bottleneck_ratio": 1.0}, "macs": "402.287M", "params": "5.903M"}, "1": {"net_num_idx": 1, "net_config": {"stem_width": 32, "depth": 15, "w_0": 40, "w_a": 26.457129192819696, "w_m": 2.0276218094538057, "group_width": 40, "bottleneck_ratio": 1.0}, "macs": "397.191M", "params": "3.228M"}, "2": {"net_num_idx": 2, "net_config": {"stem_width": 32, "depth": 19, "w_0": 16, "w_a": 25.56751950534774, "w_m": 3.16508106045121, "group_width": 16, "bottleneck_ratio": 1.0}, "macs": "418.102M", "params": "5.844M"}, "3": {"net_num_idx": 3, "net_config": {"stem_width": 32, "depth": 14, "w_0": 24, "w_a": 34.15079907270285, "w_m": 2.7661825228928314, "group_width": 24, "bottleneck_ratio": 1.0}, "macs": "400.183M", "params": "4.294M"}, "4": {"net_num_idx": 4, "net_config": {"stem_width": 32, "depth": 12, "w_0": 16, "w_a": 50.823956857057375, "w_m": 2.450678311654317, "group_width": 16, "bottleneck_ratio": 1.0}, "macs": "401.298M", "params": "4.848M"}, "5": {"net_num_idx": 5, "net_config": {"stem_width": 32, "depth": 12, "w_0": 32, "w_a": 57.0403049346013, "w_m": 2.541849256232262, "group_width": 32, "bottleneck_ratio": 1.0}, "macs": "410.375M", "params": "5.047M"}, "6": {"net_num_idx": 6, "net_config": {"stem_width": 32, "depth": 16, "w_0": 32, "w_a": 25.99516726560014, "w_m": 2.28709771471015, "group_width": 32, "bottleneck_ratio": 1.0}, "macs": "385.404M", "params": "3.797M"}, "7": {"net_num_idx": 7, "net_config": {"stem_width": 32, "depth": 12, "w_0": 24, "w_a": 32.98813161161649, "w_m": 2.9511485501242882, "group_width": 24, "bottleneck_ratio": 1.0}, "macs": "380.792M", "params": "2.598M"}, "8": {"net_num_idx": 8, "net_config": {"stem_width": 32, "depth": 14, "w_0": 32, "w_a": 31.776198997180305, "w_m": 2.3482037231287824, "group_width": 32, "bottleneck_ratio": 1.0}, "macs": "396.413M", "params": "3.922M"}, "9": {"net_num_idx": 9, "net_config": {"stem_width": 32, "depth": 21, "w_0": 24, "w_a": 29.329567431160704, "w_m": 2.608146286363268, "group_width": 8, "bottleneck_ratio": 1.0}, "macs": "381.190M", "params": "5.501M"}, "10": {"net_num_idx": 10, "net_config": {"stem_width": 32, "depth": 14, "w_0": 24, "w_a": 30.860570785572634, "w_m": 2.757721628380339, "group_width": 24, "bottleneck_ratio": 1.0}, "macs": "392.689M", "params": "3.790M"}, "11": {"net_num_idx": 11, "net_config": {"stem_width": 32, "depth": 16, "w_0": 24, "w_a": 36.19247591450488, "w_m": 2.6812799030819714, "group_width": 24, "bottleneck_ratio": 1.0}, "macs": "403.166M", "params": "5.065M"}, "12": {"net_num_idx": 12, "net_config": {"stem_width": 32, "depth": 13, "w_0": 16, "w_a": 45.53726110722183, "w_m": 2.3671022938197694, "group_width": 16, "bottleneck_ratio": 1.0}, "macs": "394.118M", "params": "4.681M"}, "13": {"net_num_idx": 13, "net_config": {"stem_width": 32, "depth": 13, "w_0": 32, "w_a": 24.76059880849783, "w_m": 2.375757866247035, "group_width": 32, "bottleneck_ratio": 1.0}, "macs": "384.154M", "params": "2.884M"}, "14": {"net_num_idx": 14, "net_config": {"stem_width": 32, "depth": 13, "w_0": 24, "w_a": 70.37257265995423, "w_m": 2.831281772579639, "group_width": 16, "bottleneck_ratio": 1.0}, "macs": "412.591M", "params": "6.169M"}, "15": {"net_num_idx": 15, "net_config": {"stem_width": 32, "depth": 14, "w_0": 16, "w_a": 41.7090408550356, "w_m": 2.351778279335292, "group_width": 16, "bottleneck_ratio": 1.0}, "macs": "382.168M", "params": "4.298M"}}