{"0": {"net_num_idx": 0, "net_config": {"stem_width": 32, "depth": 12, "w_0": 24, "w_a": 33.64607581351504, "w_m": 2.9715177640359176, "group_width": 24, "bottleneck_ratio": 1.0}, "macs": "380.792M", "params": "2.598M"}, "1": {"net_num_idx": 1, "net_config": {"stem_width": 32, "depth": 12, "w_0": 24, "w_a": 51.7648729382431, "w_m": 2.8604839411966596, "group_width": 24, "bottleneck_ratio": 1.0}, "macs": "396.531M", "params": "5.343M"}, "2": {"net_num_idx": 2, "net_config": {"stem_width": 32, "depth": 12, "w_0": 24, "w_a": 34.72833574065463, "w_m": 2.964772875644935, "group_width": 24, "bottleneck_ratio": 1.0}, "macs": "397.980M", "params": "3.374M"}, "3": {"net_num_idx": 3, "net_config": {"stem_width": 32, "depth": 17, "w_0": 24, "w_a": 27.832302642802176, "w_m": 2.549595986788582, "group_width": 24, "bottleneck_ratio": 1.0}, "macs": "384.902M", "params": "4.387M"}, "4": {"net_num_idx": 4, "net_config": {"stem_width": 32, "depth": 14, "w_0": 40, "w_a": 27.66300577702638, "w_m": 2.0675856238982604, "group_width": 40, "bottleneck_ratio": 1.0}, "macs": "401.999M", "params": "3.346M"}, "5": {"net_num_idx": 5, "net_config": {"stem_width": 32, "depth": 12, "w_0": 40, "w_a": 39.23805208888949, "w_m": 2.1252293095642667, "group_width": 40, "bottleneck_ratio": 1.0}, "macs": "411.042M", "params": "3.756M"}, "6": {"net_num_idx": 6, "net_config": {"stem_width": 32, "depth": 17, "w_0": 24, "w_a": 27.02214949894829, "w_m": 2.6437076062342872, "group_width": 24, "bottleneck_ratio": 1.0}, "macs": "398.352M", "params": "4.389M"}, "7": {"net_num_idx": 7, "net_config": {"stem_width": 32, "depth": 20, "w_0": 16, "w_a": 36.190635004089884, "w_m": 2.9970947696459698, "group_width": 16, "bottleneck_ratio": 1.0}, "macs": "394.589M", "params": "6.391M"}, "8": {"net_num_idx": 8, "net_config": {"stem_width": 32, "depth": 20, "w_0": 16, "w_a": 38.01186545817342, "w_m": 3.001633562625827, "group_width": 16, "bottleneck_ratio": 1.0}, "macs": "394.589M", "params": "6.391M"}, "9": {"net_num_idx": 9, "net_config": {"stem_width": 32, "depth": 17, "w_0": 32, "w_a": 29.14980672031332, "w_m": 2.314760898716466, "group_width": 32, "bottleneck_ratio": 1.0}, "macs": "404.119M", "params": "4.585M"}, "10": {"net_num_idx": 10, "net_config": {"stem_width": 32, "depth": 15, "w_0": 32, "w_a": 32.68519296432637, "w_m": 2.341426018327151, "group_width": 32, "bottleneck_ratio": 1.0}, "macs": "419.488M", "params": "4.390M"}, "11": {"net_num_idx": 11, "net_config": {"stem_width": 32, "depth": 13, "w_0": 24, "w_a": 65.48702684849299, "w_m": 2.7592899054096423, "group_width": 24, "bottleneck_ratio": 1.0}, "macs": "401.664M", "params": "5.778M"}, "12": {"net_num_idx": 12, "net_config": {"stem_width": 32, "depth": 19, "w_0": 16, "w_a": 27.206244632771764, "w_m": 3.088446726973837, "group_width": 16, "bottleneck_ratio": 1.0}, "macs": "402.821M", "params": "5.744M"}, "13": {"net_num_idx": 13, "net_config": {"stem_width": 32, "depth": 14, "w_0": 24, "w_a": 31.089770782829383, "w_m": 2.9055228130324764, "group_width": 24, "bottleneck_ratio": 1.0}, "macs": "417.039M", "params": "3.924M"}, "14": {"net_num_idx": 14, "net_config": {"stem_width": 32, "depth": 13, "w_0": 32, "w_a": 44.90378018148864, "w_m": 2.43636170471153, "group_width": 32, "bottleneck_ratio": 1.0}, "macs": "394.741M", "params": "4.702M"}, "15": {"net_num_idx": 15, "net_config": {"stem_width": 32, "depth": 23, "w_0": 16, "w_a": 24.50523835664831, "w_m": 2.975135360848253, "group_width": 16, "bottleneck_ratio": 1.0}, "macs": "410.331M", "params": "6.138M"}}