{"0": {"net_num_idx": 0, "net_config": {"stem_width": 64, "depth": 13, "w_0": 40, "w_a": 17.74622973567309, "w_m": 1.865076486107366}, "macs": "4.122G", "params": "7.982M"}, "1": {"net_num_idx": 1, "net_config": {"stem_width": 64, "depth": 12, "w_0": 32, "w_a": 21.341198289293253, "w_m": 2.131109798423508}, "macs": "4.230G", "params": "8.960M"}, "2": {"net_num_idx": 2, "net_config": {"stem_width": 64, "depth": 12, "w_0": 32, "w_a": 25.862494873688, "w_m": 2.118142217916711}, "macs": "4.077G", "params": "11.318M"}, "3": {"net_num_idx": 3, "net_config": {"stem_width": 64, "depth": 16, "w_0": 32, "w_a": 17.26402342871576, "w_m": 1.992294033286779}, "macs": "4.217G", "params": "11.010M"}, "4": {"net_num_idx": 4, "net_config": {"stem_width": 64, "depth": 12, "w_0": 32, "w_a": 21.482531719405433, "w_m": 2.141586314530484}, "macs": "4.230G", "params": "8.960M"}, "5": {"net_num_idx": 5, "net_config": {"stem_width": 64, "depth": 14, "w_0": 40, "w_a": 17.19122406546614, "w_m": 1.8415927382057373}, "macs": "4.271G", "params": "8.718M"}, "6": {"net_num_idx": 6, "net_config": {"stem_width": 64, "depth": 14, "w_0": 40, "w_a": 18.883277747086293, "w_m": 1.8285316801722313}, "macs": "4.228G", "params": "9.450M"}, "7": {"net_num_idx": 7, "net_config": {"stem_width": 64, "depth": 13, "w_0": 48, "w_a": 21.446058932628446, "w_m": 1.6975436606023493}, "macs": "4.175G", "params": "8.589M"}, "8": {"net_num_idx": 8, "net_config": {"stem_width": 64, "depth": 13, "w_0": 48, "w_a": 18.408368166139063, "w_m": 1.6708008682303224}, "macs": "4.196G", "params": "7.971M"}, "9": {"net_num_idx": 9, "net_config": {"stem_width": 64, "depth": 12, "w_0": 48, "w_a": 23.410581912946537, "w_m": 1.7151011761493211}, "macs": "4.117G", "params": "8.855M"}, "10": {"net_num_idx": 10, "net_config": {"stem_width": 64, "depth": 13, "w_0": 40, "w_a": 22.840010194265187, "w_m": 1.8362078472256806}, "macs": "3.946G", "params": "9.361M"}, "11": {"net_num_idx": 11, "net_config": {"stem_width": 64, "depth": 17, "w_0": 32, "w_a": 16.874425465939442, "w_m": 1.9607251944520512}, "macs": "4.065G", "params": "10.763M"}, "12": {"net_num_idx": 12, "net_config": {"stem_width": 64, "depth": 12, "w_0": 32, "w_a": 20.806982986031304, "w_m": 2.125204201916835}, "macs": "4.178G", "params": "8.673M"}, "13": {"net_num_idx": 13, "net_config": {"stem_width": 64, "depth": 12, "w_0": 40, "w_a": 29.938894320103735, "w_m": 1.8879421573693784}, "macs": "4.069G", "params": "10.592M"}, "14": {"net_num_idx": 14, "net_config": {"stem_width": 64, "depth": 13, "w_0": 40, "w_a": 18.096607541181776, "w_m": 1.8504615808901832}, "macs": "4.122G", "params": "7.982M"}, "15": {"net_num_idx": 15, "net_config": {"stem_width": 64, "depth": 12, "w_0": 48, "w_a": 18.57073015636926, "w_m": 1.7046627186576484}, "macs": "4.216G", "params": "7.160M"}}